{"stat.chestOpened":6,"stat.walkOneCm":171161,"stat.craftItem.minecraft.sign":3,"stat.pickup.harvestcraft.onionitem":1,"stat.pickup.minecraft.stick":2,"stat.leaveGame":2,"stat.drop.minecraft.rotten_flesh":1,"stat.mineBlock.ebwizardry.crystal_flower":2,"stat.craftItem.minecraft.crafting_table":3,"stat.mineBlock.minecraft.yellow_flower":1,"stat.mineBlock.minecraft.double_plant":6,"stat.pickup.harvestcraft.cornitem":2,"stat.drop.harvestcraft.elderberryitem":1,"stat.mineBlock.minecraft.coal_ore":5,"stat.talkedToVillager":8,"stat.pickup.harvestcraft.chilipepperitem":2,"stat.swimOneCm":3486,"stat.jump":1220,"stat.pickup.zawa.worm":1,"stat.pickup.minecraft.coal":4,"stat.fallOneCm":25200,"stat.pickup.harvestcraft.artichokeitem":5,"stat.climbOneCm":206,"stat.pickup.minecraft.carrot":4,"stat.mineBlock.harvestcraft.windygarden":27,"stat.useItem.harvestcraft.strawberryitem":3,"stat.crouchOneCm":877,"stat.pickup.harvestcraft.peanutitem":4,"stat.pickup.rustic.ironwoodseed":2,"stat.craftItem.minecraft.torch":4,"stat.pickup.minecraft.dirt":26,"stat.useItem.minecraft.dirt":2,"stat.drop.minecraft.egg":1,"stat.sprintOneCm":150357,"stat.useItem.minecraft.stone_slab2":9,"stat.pickup.harvestcraft.bellpepperitem":2,"stat.craftItem.minecraft.stick":8,"stat.craftingTableInteraction":5,"stat.pickup.minecraft.rotten_flesh":9,"stat.pickup.rustic.log":17,"stat.pickup.harvestcraft.parsnipitem":3,"stat.pickup.harvestcraft.amaranthitem":3,"stat.mineBlock.minecraft.iron_bars":2,"stat.useItem.minecraft.egg":21,"stat.pickup.harvestcraft.barleyitem":1,"stat.pickup.harvestcraft.cucumberitem":5,"stat.damageTaken":1490,"stat.pickup.harvestcraft.strawberryitem":3,"stat.mineBlock.minecraft.red_flower":1,"stat.useItem.minecraft.carrot":1,"stat.pickup.harvestcraft.wintersquashitem":6,"stat.useItem.minecraft.wooden_pickaxe":7,"stat.useItem.rustic.planks":1,"stat.mobKills":2,"stat.craftItem.minecraft.wooden_sword":1,"stat.pickup.ebwizardry.crystal_flower":4,"stat.entityKilledBy.Creeper":1,"stat.pickup.harvestcraft.mustardseedsitem":3,"stat.flyOneCm":248138,"stat.deaths":6,"tombstone:undead_killed":2,"stat.useItem.harvestcraft.elderberryitem":2,"stat.drop":10,"stat.pickup.minecraft.egg":85,"stat.pickup.minecraft.potato":3,"stat.playOneMinute":52321,"stat.entityKilledBy.Zombie":4,"stat.useItem.minecraft.wooden_sword":11,"stat.pickup.minecraft.torch":1,"stat.drop.tombstone.grave_key":4,"stat.pickup.minecraft.red_flower":1,"stat.pickup.tombstone.grave_key":3,"stat.sneakTime":274,"stat.pickup.rustic.chili_pepper_seeds":1,"stat.damageDealt":698,"stat.drop.ebwizardry.crystal_flower":2,"stat.sleepInBed":1,"stat.killEntity.Zombie":2,"stat.pickup.zawa.care_guide":1,"stat.timeSinceDeath":0,"stat.pickup.harvestcraft.lettuceitem":3,"stat.craftItem.rustic.planks":68,"stat.pickup.minecraft.iron_bars":2,"stat.pickup.minecraft.yellow_flower":1,"stat.mineBlock.minecraft.dirt":12,"stat.useItem.minecraft.sign":1,"stat.pickup.rustic.ironberries":5,"stat.craftItem.minecraft.wooden_pickaxe":1,"stat.mineBlock.minecraft.tallgrass":39,"stat.diveOneCm":5333,"stat.pickup.harvestcraft.elderberryitem":6,"stat.pickup.minecraft.wheat":2,"stat.drop.minecraft.stick":1}