{"stat.useItem.harvestcraft.rhubarbitem":6,"stat.leaveGame":46,"stat.mineBlock.ebwizardry.crystal_flower":7,"stat.pickup.extrautils2.redorchid":1,"stat.pickup.zawa.worm":4,"stat.useItem.minecraft.planks":475,"stat.useItem.harvestcraft.pearitem":1,"stat.mineBlock.minecraft.red_mushroom":1,"stat.pickup.minecraft.rotten_flesh":6,"stat.pickup.minecraft.sand":1,"stat.pickup.harvestcraft.sweetpotatoitem":10,"stat.pickup.harvestcraft.wintersquashitem":3,"stat.pickup.harvestcraft.radishitem":2,"stat.pickup.harvestcraft.scallionitem":5,"stat.craftItem.minecraft.wooden_hoe":1,"stat.pickup.harvestcraft.rhubarbitem":6,"stat.pickup.minecraft.double_plant":2,"stat.craftItem.minecraft.bed":1,"stat.pickup.rustic.wildberries":2,"stat.pickup.harvestcraft.cherryitem":3,"stat.killEntity.ZombieVillager":1,"stat.pickup.harvestcraft.cornitem":4,"stat.drop.minecraft.red_flower":1,"stat.pickup.harvestcraft.turnipitem":6,"stat.pickup.minecraft.beef":3,"stat.mineBlock.harvestcraft.windygarden":38,"stat.useItem.rustic.wildberries":1,"stat.pickup.futuremc.lily_of_the_valley":2,"stat.useItem.minecraft.wheat_seeds":8,"stat.pickup.harvestcraft.nutmegitem":1,"stat.pickup.rustic.olives":1,"stat.pickup.dynamictrees.oakseed":68,"stat.useItem.minecraft.beef":3,"stat.useItem.harvestcraft.beanitem":4,"stat.deaths":4,"stat.pickup.minecraft.egg":103,"stat.playOneMinute":242648,"stat.pickup.zawa.care_guide":2,"stat.mineBlock.minecraft.tallgrass":435,"stat.chestOpened":2,"stat.pickup.harvestcraft.tomatoitem":5,"stat.pickup.minecraft.arrow":4,"stat.pickup.harvestcraft.chilipepperitem":3,"stat.fallOneCm":31970,"stat.pickup.minecraft.carrot":30,"stat.mineBlock.rustic.horsetail":4,"stat.crouchOneCm":796,"stat.useItem.harvestcraft.bellpepperitem":4,"stat.pickup.minecraft.red_mushroom":1,"stat.mineBlock.futuremc.lily_of_the_valley":1,"stat.craftingTableInteraction":5,"stat.pickup.rustic.horsetail":9,"stat.pickup.minecraft.planks":105,"stat.useItem.harvestcraft.lettuceitem":1,"stat.pickup.minecraft.wheat_seeds":25,"stat.pickup.zawa.dried_bamboo":3,"stat.drop.harvestcraft.blackberryitem":4,"stat.useItem.harvestcraft.cherryitem":2,"stat.mineBlock.minecraft.dirt":195,"stat.useItem.harvestcraft.spiceleafitem":1,"stat.useItem.zawa.reptile_meat_raw":1,"stat.pickup.minecraft.crafting_table":2,"stat.useItem.minecraft.log":1,"stat.craftItem.minecraft.crafting_table":1,"stat.mineBlock.minecraft.double_plant":20,"stat.useItem.dynamictrees.oakseed":37,"stat.pickup.minecraft.log":101,"stat.useItem.harvestcraft.sweetpotatoitem":8,"stat.pickup.minecraft.sapling":14,"stat.pickup.minecraft.apple":5,"stat.pickup.harvestcraft.parsnipitem":2,"stat.craftItem.minecraft.planks":400,"stat.mineBlock.minecraft.log":25,"stat.useItem.carryon.entity_item":8,"stat.useItem.harvestcraft.elderberryitem":5,"stat.pickup.harvestcraft.juteitem":5,"stat.pickup.harvestcraft.pearitem":10,"stat.pickup.minecraft.red_flower":7,"stat.pickup.harvestcraft.tealeafitem":5,"stat.sneakTime":472,"stat.pickup.minecraft.wool":3,"stat.pickup.rustic.chili_pepper_seeds":20,"stat.pickup.minecraft.yellow_flower":1,"stat.pickup.harvestcraft.avocadoitem":4,"stat.pickup.minecraft.bone":4,"stat.useItem.harvestcraft.garlicitem":5,"stat.useItem.minecraft.iron_axe":39,"stat.mineBlock.minecraft.yellow_flower":2,"stat.swimOneCm":7646,"stat.pickup.harvestcraft.artichokeitem":5,"stat.climbOneCm":128,"stat.pickup.rustic.ironwoodseed":3,"stat.useItem.minecraft.dirt":189,"stat.useItem.harvestcraft.tomatoitem":5,"stat.useItem.minecraft.stone_slab2":42,"stat.useItem.harvestcraft.barleyitem":1,"stat.useItem.harvestcraft.wintersquashitem":1,"stat.useItem.minecraft.egg":103,"stat.mineBlock.zawa.dried_bamboo":1,"stat.flyOneCm":62396,"stat.useItem.rustic.olives":1,"stat.useItem.harvestcraft.whitemushroomitem":1,"stat.pickup.harvestcraft.leekitem":6,"stat.timeSinceDeath":160143,"stat.useItem.harvestcraft.peanutitem":3,"stat.pickup.harvestcraft.whitemushroomitem":1,"stat.pickup.harvestcraft.beanitem":9,"stat.useItem.minecraft.potato":1,"stat.useItem.harvestcraft.cornitem":4,"stat.drop.minecraft.dirt":1,"stat.talkedToVillager":17,"stat.pickup.minecraft.string":2,"stat.pickup.tombstone.crafting_ingredient":1,"stat.entityKilledBy.Skeleton":2,"stat.pickup.zawa.reptile_meat_raw":1,"stat.sprintOneCm":467145,"stat.drop.rustic.tomato_seeds":3,"stat.mineBlock.rustic.wildberry_bush":2,"stat.mineBlock.harvestcraft.pamapple":1,"stat.pickup.harvestcraft.barleyitem":1,"stat.mineBlock.minecraft.crafting_table":2,"stat.useItem.minecraft.carrot":29,"stat.useItem.minecraft.wheat":1,"stat.useItem.harvestcraft.turnipitem":6,"stat.pickup.chococraft.gysahl_green_seeds":5,"stat.entityKilledBy.Creeper":1,"stat.pickup.harvestcraft.mustardseedsitem":3,"stat.mineBlock.minecraft.planks":105,"stat.drop":10,"stat.pickup.harvestcraft.flaxitem":5,"stat.useItem.harvestcraft.zucchiniitem":3,"stat.killEntity.Zombie":3,"stat.diveOneCm":2664,"stat.pickup.harvestcraft.garlicitem":5,"stat.pickup.minecraft.wheat":8,"stat.pickup.rustic.wildberry_bush":2,"stat.pickup.minecraft.stone_axe":1,"stat.useItem.rustic.ironberries":1,"stat.useItem.harvestcraft.nutmegitem":1,"stat.useItem.minecraft.rotten_flesh":6,"stat.pickup.harvestcraft.blackberryitem":4,"stat.jump":1703,"stat.useItem.minecraft.wooden_hoe":21,"stat.pickup.minecraft.iron_ingot":2,"stat.useItem.minecraft.stone_axe":46,"stat.mineBlock.harvestcraft.shadedgarden":31,"stat.pickup.harvestcraft.peanutitem":3,"stat.pickup.minecraft.dirt":215,"stat.pickup.harvestcraft.bellpepperitem":4,"stat.pickup.rustic.log":11,"stat.pickup.rustic.tomato_seeds":10,"stat.pickup.minecraft.iron_axe":1,"stat.damageTaken":1920,"stat.useItem.harvestcraft.flaxitem":2,"stat.mineBlock.minecraft.red_flower":6,"stat.useItem.harvestcraft.radishitem":1,"stat.pickup.ebwizardry.crystal_flower":7,"stat.useItem.harvestcraft.mustardseedsitem":2,"stat.pickup.minecraft.bed":1,"tombstone:undead_killed":6,"stat.useItem.tombstone.grave_key":8,"stat.pickup.minecraft.potato":2,"stat.damageDealt":1418,"stat.sleepInBed":10,"stat.pickup.harvestcraft.lettuceitem":2,"stat.killEntity.Cow":1,"stat.useItem.minecraft.crafting_table":1,"stat.pickup.harvestcraft.elderberryitem":5,"stat.mineBlock.harvestcraft.pampear":2,"stat.walkOneCm":928310,"stat.animalsBred":9,"stat.pickup.minecraft.stick":52,"stat.pickup.harvestcraft.spiceleafitem":8,"stat.useItem.harvestcraft.scallionitem":5,"stat.pickup.harvestcraft.zucchiniitem":9,"stat.killEntity.Skeleton":2,"stat.useItem.harvestcraft.parsnipitem":1,"stat.pickup.harvestcraft.strawberryitem":7,"stat.mobKills":8,"stat.mineBlock.minecraft.leaves":54,"stat.drop.zawa.care_guide":1,"stat.pickup.rustic.ironberries":7}