{"stat.pickup.minecraft.rotten_flesh":3,"stat.walkOneCm":41050,"stat.mineBlock.harvestcraft.pampeach":2,"stat.leaveGame":5,"stat.damageTaken":2764,"stat.flyOneCm":36070,"stat.deaths":10,"stat.useItem.tombstone.grave_key":3,"stat.jump":175,"stat.mineBlock.minecraft.leaves":1,"stat.playOneMinute":14002,"stat.entityKilledBy.Zombie":8,"stat.fallOneCm":3534,"stat.entityKilledBy.Silverfish":2,"stat.sneakTime":35,"stat.damageDealt":166,"stat.crouchOneCm":153,"stat.pickup.zawa.care_guide":1,"stat.timeSinceDeath":294,"stat.pickup.harvestcraft.peachitem":2,"stat.sprintOneCm":13878,"stat.mineBlock.minecraft.tallgrass":22}