{"stat.pickup.minecraft.bone":3,"stat.leaveGame":1,"stat.mineBlock.minecraft.cobblestone":26,"stat.entityKilledBy.Witch":1,"stat.pickup.minecraft.leather_chestplate":4,"stat.useItem.minecraft.mutton":5,"stat.swimOneCm":5917,"stat.useItem.minecraft.planks":3,"stat.craftItem.minecraft.shield":1,"stat.pickup.minecraft.enchanted_book":5,"stat.climbOneCm":164,"stat.drop.minecraft.cobblestone":1,"stat.useItem.chococraft.gysahl_green":1,"stat.useItem.minecraft.stone_slab2":18,"stat.pickup.minecraft.bow":2,"stat.mineBlock.minecraft.stone_brick_stairs":2,"stat.pickup.minecraft.rotten_flesh":12,"stat.craftItem.minecraft.furnace":1,"stat.useItem.minecraft.egg":1,"stat.craftItem.minecraft.stone_axe":1,"stat.craftItem.minecraft.stone_pickaxe":1,"stat.craftItem.minecraft.cooked_beef":14,"stat.pickup.minecraft.cobblestone":83,"stat.pickup.minecraft.leather_boots":2,"stat.mineBlock.chisel.limestone2":1,"stat.craftItem.minecraft.stone_sword":1,"stat.entityKilledBy.artifacts.mimic":1,"stat.flyOneCm":94444,"stat.pickup.dynamictrees.spruceseed":1,"stat.mineBlock.minecraft.sand":1,"stat.useItem.rustic.olives":1,"stat.useItem.minecraft.cooked_beef":14,"stat.mineBlock.futuremc.stripped_oak_log":1,"stat.mineBlock.minecraft.iron_ore":8,"stat.drop.dynamictrees.spruceseed":1,"stat.timeSinceDeath":4906,"stat.useItem.minecraft.iron_pickaxe":62,"stat.craftItem.minecraft.wooden_pickaxe":1,"stat.pickup.minecraft.mutton":5,"stat.craftItem.minecraft.bed":1,"stat.pickup.minecraft.wooden_axe":1,"stat.pickup.minecraft.stonebrick":6,"stat.furnaceInteraction":24,"stat.killEntity.ZombieVillager":1,"stat.mineBlock.futuremc.cornflower":1,"stat.mineBlock.minecraft.coal_ore":29,"stat.pickup.minecraft.wooden_sword":1,"stat.pickup.leatherworks.bark_oak":1,"stat.pickup.minecraft.string":2,"stat.pickup.minecraft.beef":29,"stat.pickup.minecraft.furnace":1,"stat.pickup.minecraft.leather_helmet":5,"stat.sprintOneCm":101811,"stat.pickup.minecraft.paper":6,"stat.pickup.futuremc.stripped_oak_log":1,"stat.craftItem.minecraft.wooden_axe":1,"stat.craftItem.minecraft.stick":16,"stat.pickup.tombstone.magic_scroll":1,"stat.drop.minecraft.potion":1,"stat.useItem.tombstone.magic_scroll":2,"stat.pickup.minecraft.potion":2,"stat.mineBlock.minecraft.crafting_table":1,"stat.pickup.rustic.olives":1,"stat.pickup.dynamictrees.oakseed":13,"stat.pickup.minecraft.leather_leggings":2,"stat.pickup.chococraft.gysahl_green_seeds":3,"stat.useItem.minecraft.beef":15,"stat.mineBlock.minecraft.planks":3,"stat.deaths":6,"stat.drop":8,"stat.pickup.minecraft.egg":2,"stat.playOneMinute":69516,"stat.killEntity.Sheep":3,"stat.craftItem.minecraft.iron_pickaxe":1,"stat.killEntity.Zombie":4,"stat.pickup.zawa.care_guide":4,"stat.pickup.minecraft.iron_bars":10,"stat.mineBlock.minecraft.tallgrass":12,"stat.diveOneCm":4153,"stat.chestOpened":14,"stat.drop.minecraft.wooden_pickaxe":1,"stat.pickup.minecraft.arrow":6,"stat.useItem.minecraft.chicken":2,"stat.useItem.minecraft.apple":7,"stat.useItem.minecraft.potion":2,"stat.useItem.minecraft.rotten_flesh":2,"stat.pickup.minecraft.stone_brick_stairs":6,"stat.jump":874,"stat.pickup.minecraft.coal":57,"stat.fallOneCm":18060,"stat.pickup.minecraft.iron_ingot":1,"stat.useItem.minecraft.stone_axe":34,"stat.pickup.minecraft.gunpowder":2,"stat.crouchOneCm":2124,"stat.mineBlock.minecraft.chest":4,"stat.pickup.minecraft.spider_eye":7,"stat.craftItem.minecraft.iron_ingot":7,"stat.craftItem.minecraft.torch":32,"stat.pickup.minecraft.dirt":2,"stat.pickup.minecraft.melon":5,"stat.craftingTableInteraction":11,"stat.pickup.minecraft.iron_ore":8,"stat.pickup.leatherworks.rawhide_cow":6,"stat.mineBlock.minecraft.iron_bars":8,"stat.pickup.minecraft.feather":3,"stat.damageTaken":3199,"stat.useItem.minecraft.stone_brick_stairs":1,"stat.mineBlock.minecraft.torch":21,"stat.mineBlock.minecraft.furnace":1,"stat.mineBlock.minecraft.melon_block":1,"stat.useItem.minecraft.wooden_pickaxe":50,"stat.pickup.minecraft.planks":51,"stat.entityKilledBy.ZombieVillager":1,"stat.pickup.chisel.limestone2":2,"stat.pickup.minecraft.bed":1,"tombstone:undead_killed":5,"stat.useItem.tombstone.grave_key":9,"stat.pickup.minecraft.wheat_seeds":1,"stat.entityKilledBy.Zombie":3,"stat.useItem.minecraft.stone_pickaxe":53,"stat.useItem.minecraft.stone_sword":9,"stat.damageDealt":3849,"stat.pickup.chococraft.gysahl_green":2,"stat.killEntity.Cow":14,"stat.mineBlock.minecraft.dirt":3,"stat.craftItem.minecraft.iron_sword":1,"stat.walkOneCm":226461,"stat.useItem.minecraft.bread":5,"stat.useItem.minecraft.torch":50,"stat.playerKills":2,"stat.pickup.minecraft.stick":12,"stat.pickup.minecraft.crafting_table":1,"stat.useItem.minecraft.log":4,"stat.useItem.minecraft.cobblestone":62,"stat.craftItem.minecraft.crafting_table":1,"stat.mineBlock.minecraft.double_plant":1,"stat.pickup.minecraft.log":42,"stat.useItem.minecraft.cooked_fish":4,"stat.useItem.tombstone.gift":1,"stat.pickup.minecraft.chicken":2,"stat.pickup.minecraft.baked_potato":1,"stat.pickup.minecraft.sapling":1,"stat.pickup.minecraft.apple":7,"stat.mineBlock.minecraft.stonebrick":10,"stat.craftItem.minecraft.planks":138,"stat.useItem.minecraft.iron_sword":34,"stat.killEntity.Chicken":3,"stat.pickup.futuremc.cornflower":1,"stat.killEntity.Spider":1,"stat.pickup.minecraft.bread":3,"stat.mobKills":32,"stat.mineBlock.minecraft.log":20,"stat.pickup.minecraft.torch":26,"stat.sneakTime":1514,"stat.pickup.rustic.chili_pepper_seeds":1,"stat.pickup.minecraft.wool":3,"stat.pickup.minecraft.cooked_fish":5,"stat.useItem.minecraft.wooden_axe":35,"stat.drop.zawa.care_guide":4,"stat.mineBlock.minecraft.stone":58,"stat.pickup.minecraft.chest":7}