{"stat.walkOneCm":8810,"stat.leaveGame":7,"stat.jump":115,"stat.swimOneCm":102,"stat.fallOneCm":2357,"stat.climbOneCm":232,"stat.pickup.chococraft.chocobo_drumstick_raw":2,"stat.crouchOneCm":37,"stat.pickup.minecraft.dirt":1,"stat.sprintOneCm":19451,"stat.useItem.minecraft.stone_slab2":1,"stat.mobKills":1,"stat.pickup.chococraft.gysahl_green_seeds":43,"stat.flyOneCm":21923,"stat.pickup.minecraft.wheat_seeds":1,"stat.playOneMinute":4110,"stat.sneakTime":11,"stat.damageDealt":200,"stat.timeSinceDeath":4110,"stat.pickup.chococraft.gysahl_green":18,"stat.pickup.chococraft.lovely_gysahl_green":6,"stat.mineBlock.minecraft.dirt":1,"stat.mineBlock.minecraft.tallgrass":6}