{"stat.walkOneCm":30458,"stat.pickup.minecraft.stick":9,"stat.leaveGame":5,"stat.pickup.minecraft.crafting_table":2,"stat.useItem.minecraft.log":4,"stat.craftItem.minecraft.crafting_table":2,"stat.pickup.rustic.chamomile":2,"stat.talkedToVillager":8,"stat.pickup.minecraft.log":24,"stat.jump":289,"stat.swimOneCm":1052,"stat.fallOneCm":3611,"stat.climbOneCm":352,"stat.pickup.minecraft.beef":12,"stat.entityKilledBy.Skeleton":1,"stat.crouchOneCm":372,"stat.sprintOneCm":69711,"stat.useItem.minecraft.stone_slab2":7,"stat.craftItem.minecraft.wooden_axe":1,"stat.craftingTableInteraction":2,"stat.pickup.minecraft.rotten_flesh":1,"stat.pickup.leatherworks.rawhide_cow":4,"stat.craftItem.minecraft.planks":52,"stat.mineBlock.minecraft.crafting_table":2,"stat.damageTaken":295,"stat.mobKills":9,"stat.pickup.dynamictrees.oakseed":12,"stat.pickup.chococraft.gysahl_green_seeds":2,"stat.flyOneCm":285054,"stat.deaths":1,"tombstone:undead_killed":2,"stat.pickup.minecraft.wheat_seeds":3,"stat.playOneMinute":19860,"stat.pickup.minecraft.torch":1,"stat.sneakTime":825,"stat.damageDealt":1081,"stat.killEntity.Zombie":2,"stat.sleepInBed":1,"stat.pickup.zawa.care_guide":1,"stat.timeSinceDeath":10555,"stat.pickup.chococraft.gysahl_green":1,"stat.useItem.minecraft.wooden_axe":17,"stat.killEntity.Cow":7,"stat.mineBlock.minecraft.tallgrass":2,"stat.diveOneCm":4088,"stat.pickup.minecraft.wheat":4}