{"stat.useItem.minecraft.bow":96,"stat.leaveGame":44,"stat.useItem.harvestcraft.amaranthitem":15,"stat.pickup.extrautils2.redorchid":2,"stat.drop.minecraft.redstone":2,"stat.pickup.tombstone.familiar_stone":4,"stat.pickup.ebwizardry.spell_book":4,"stat.killEntity.PigZombie":2,"stat.pickup.zawa.worm":29,"stat.craftItem.minecraft.shield":1,"stat.mineBlock.minecraft.web":24,"stat.craftItem.extrautils2.endershard":8,"stat.drop.minecraft.iron_sword":1,"stat.pickup.minecraft.rotten_flesh":92,"stat.pickup.zawa.pangolin_scale":2,"stat.useItem.chisel.marble":1556,"stat.craftItem.minecraft.stone_axe":2,"stat.killEntity.Enderman":10,"stat.pickup.minecraft.leather_boots":2,"stat.entityKilledBy.artifacts.mimic":3,"stat.killEntity.betteranimalsplus.brownbear":2,"stat.craftItem.minecraft.iron_shovel":2,"stat.craftItem.harvestcraft.barleyseeditem":1,"stat.killEntity.Witch":2,"stat.useItem.minecraft.spider_eye":2,"stat.useItem.minecraft.iron_pickaxe":2499,"stat.craftItem.harvestcraft.toastitem":8,"stat.craftItem.minecraft.wooden_pickaxe":1,"stat.useItem.minecraft.iron_shovel":292,"stat.pickup.minecraft.double_plant":6,"stat.useItem.zawa.bird_meat":1,"stat.pickup.harvestcraft.onionitem":7,"stat.mineBlock.chisel.marble2":1461,"stat.mineBlock.minecraft.vine":1,"stat.mineBlock.chisel.marble1":4,"stat.furnaceInteraction":153,"stat.useItem.minecraft.golden_carrot":3,"stat.pickup.harvestcraft.cherryitem":14,"stat.pickup.harvestcraft.cornitem":17,"stat.killEntity.ZombieVillager":3,"stat.pickup.minecraft.nether_brick":21,"stat.entityKilledBy.WitherSkeleton":3,"stat.useItem.minecraft.double_plant":4,"stat.pickup.minecraft.beef":11,"stat.pickup.ebwizardry.arcane_tome":3,"stat.mineBlock.minecraft.wooden_button":2,"stat.pickup.betternether.eye_seed":6,"stat.pickup.minecraft.leather_helmet":2,"stat.useItem.minecraft.fence":26,"stat.pickup.mca.rose_gold_ore":34,"stat.pickup.minecraft.potion":1,"stat.mineBlock.minecraft.fence":5,"stat.useItem.minecraft.flint_and_steel":3,"stat.pickup.tombstone.scroll_buff":1,"stat.killEntity.Husk":4,"stat.pickup.rustic.olives":4,"stat.killEntity.betteranimalsplus.zotzpyre":1,"stat.pickup.minecraft.emerald":2,"stat.pickup.dynamictrees.oakseed":83,"stat.useItem.minecraft.beef":9,"stat.deaths":83,"stat.craftItem.futuremc.blast_furnace":1,"stat.pickup.minecraft.egg":266,"stat.craftItem.minecraft.wooden_shovel":1,"stat.useItem.minecraft.nether_brick":2,"stat.craftItem.minecraft.iron_pickaxe":11,"stat.useItem.malisisdoors.iron_sliding_door":2,"stat.pickup.zawa.care_guide":2,"stat.drop.minecraft.glass_bottle":1,"stat.pickup.chisel.marble1":4,"stat.pickup.chisel.marble2":1551,"stat.mineBlock.minecraft.tallgrass":162,"stat.chestOpened":396,"stat.craftItem.minecraft.light_weighted_pressure_plate":1,"stat.craftItem.minecraft.sign":3,"stat.useItem.minecraft.stone":51,"stat.pickup.minecraft.arrow":80,"stat.pickup.minecraft.iron_sword":1,"stat.pickup.minecraft.wooden_pressure_plate":2,"stat.craftItem.minecraft.quartz_block":10,"stat.pickup.minecraft.gold_nugget":1,"stat.pickup.harvestcraft.chilipepperitem":11,"stat.craftItem.minecraft.coal":9,"stat.pickup.betteranimalsplus.bear_skin_brown":4,"stat.pickup.minecraft.carrot":39,"stat.crouchOneCm":314724,"stat.mineBlock.minecraft.chest":4,"stat.craftItem.minecraft.iron_ingot":307,"stat.mineBlock.futuremc.lily_of_the_valley":1,"stat.craftingTableInteraction":173,"stat.craftItem.extrautils2.decorativesolid":32,"stat.mineBlock.minecraft.wooden_pressure_plate":2,"stat.useItem.chisel.marble1":4,"stat.useItem.chisel.marble2":8,"stat.useItem.minecraft.reeds":3,"stat.pickup.betternether.stalagnate_stem":1,"stat.pickup.minecraft.dye":75,"stat.pickup.minecraft.planks":138,"stat.useItem.harvestcraft.lettuceitem":15,"stat.pickup.chisel.limestone2":72,"stat.pickup.minecraft.wheat_seeds":67,"stat.mineBlock.minecraft.glass":2,"stat.pickup.zawa.bush_meat_raw":2,"stat.craftItem.extrautils2.pipe":64,"stat.mineBlock.minecraft.dirt":712,"stat.pickup.minecraft.poisonous_potato":1,"stat.useItem.minecraft.bread":5,"stat.entityKilledBy.Stray":1,"stat.useItem.zawa.reptile_meat_raw":2,"stat.drop.rustic.ironberries":1,"stat.useItem.minecraft.cobblestone":438,"stat.pickup.minecraft.magma":3,"stat.useItem.minecraft.gravel":1,"stat.mineBlock.minecraft.double_plant":11,"stat.pickup.minecraft.iron_pickaxe":1,"stat.pickup.futuremc.blast_furnace":1,"stat.useItem.minecraft.yellow_flower":6,"stat.craftItem.minecraft.gold_ingot":31,"stat.pickup.minecraft.chicken":10,"stat.craftItem.chisel.chisel_iron":5,"stat.mineBlock.chisel.stonebrick2":1,"stat.pickup.minecraft.apple":24,"stat.pickup.minecraft.coal_block":2,"stat.craftItem.minecraft.bucket":1,"stat.craftItem.minecraft.planks":592,"stat.useItem.minecraft.iron_sword":270,"stat.pickup.futuremc.cornflower":6,"stat.useItem.harvestcraft.artichokeitem":13,"stat.pickup.minecraft.book":6,"stat.useItem.minecraft.stonebrick":1,"stat.mineBlock.minecraft.log":1,"stat.mineBlock.minecraft.heavy_weighted_pressure_plate":1,"stat.useItem.carryon.entity_item":13,"stat.useItem.harvestcraft.elderberryitem":14,"stat.pickup.minecraft.red_flower":5,"stat.pickup.minecraft.red_nether_brick":6,"stat.pickup.minecraft.wool":4,"stat.mineBlock.chisel.marblepillar":2,"stat.useItem.minecraft.wooden_axe":32,"stat.pickup.extrautils2.pipe":5,"stat.craftItem.harvestcraft.saucepanitem":1,"stat.useItem.minecraft.iron_axe":30,"stat.mineBlock.minecraft.cobblestone":69,"stat.pickup.minecraft.stone_pickaxe":1,"stat.pickup.minecraft.flint":9,"stat.mineBlock.minecraft.yellow_flower":14,"stat.entityKilledBy.Witch":1,"stat.craftItem.minecraft.quartz_stairs":8,"stat.pickup.minecraft.leather_chestplate":2,"stat.mineBlock.betternether.nether_cactus":1,"stat.pickup.minecraft.enchanted_book":4,"stat.mineBlock.chisel.marble":174,"stat.useItem.minecraft.obsidian":15,"stat.useItem.chococraft.gysahl_green":7,"stat.useItem.minecraft.stone_slab2":539,"stat.pickup.minecraft.bow":4,"stat.pickup.minecraft.iron_boots":5,"stat.useItem.harvestcraft.wintersquashitem":6,"stat.craftItem.minecraft.furnace":7,"stat.useItem.minecraft.egg":132,"stat.craftItem.minecraft.iron_boots":2,"stat.craftItem.futuremc.smooth_stone":3,"stat.mineBlock.minecraft.obsidian":16,"stat.useItem.zawa.bush_meat_raw":1,"stat.mineBlock.minecraft.clay":21,"stat.flyOneCm":2000506,"stat.craftItem.extrautils2.passivegenerator":33,"stat.pickup.minecraft.nether_brick_stairs":1,"stat.pickup.minecraft.fish":2,"stat.pickup.rustic.slate":88,"stat.craftItem.extrautils2.grocket":4,"stat.timeSinceDeath":22674,"stat.pickup.chococraft.lovely_gysahl_green":1,"stat.pickup.futuremc.smoker":2,"stat.craftItem.minecraft.iron_block":6,"stat.killEntity.Bat":1,"stat.craftItem.minecraft.stonebrick":48,"stat.useItem.minecraft.potato":4,"stat.pickup.minecraft.chainmail_helmet":3,"stat.mineBlock.minecraft.coal_ore":208,"stat.drop.minecraft.wool":3,"stat.killEntity.Creeper":12,"stat.pickup.minecraft.shield":3,"stat.talkedToVillager":29,"stat.pickup.extrautils2.ingredients":16,"stat.pickup.minecraft.wooden_sword":1,"stat.pickup.minecraft.string":62,"stat.mineBlock.zawa.kelp":2,"stat.pickup.tombstone.crafting_ingredient":20,"stat.entityKilledBy.Skeleton":11,"stat.pickup.zawa.reptile_meat_raw":5,"stat.pickup.minecraft.birch_stairs":24,"stat.sprintOneCm":1861829,"stat.craftItem.minecraft.wooden_axe":1,"stat.killEntity.ebwizardry:evil_wizard":9,"stat.useItem.tombstone.magic_scroll":3,"stat.pickup.extrautils2.passivegenerator":1,"stat.useItem.carryon.tile_item":28,"stat.craftItem.extrautils2.indexer":1,"stat.mineBlock.minecraft.diamond_ore":30,"stat.mineBlock.harvestcraft.pamapple":1,"stat.pickup.extrautils2.decorativesolid":2,"stat.craftItem.malisisdoors.iron_sliding_door":3,"stat.pickup.minecraft.leather_leggings":3,"stat.craftItem.minecraft.wooden_pressure_plate":2,"stat.pickup.harvestcraft.mustardseedsitem":17,"stat.pickup.harvestcraft.flaxitem":17,"stat.pickup.ebwizardry.ruined_spell_book":1,"stat.killEntity.Zombie":100,"stat.craftItem.minecraft.dye":33,"stat.useItem.minecraft.birch_stairs":35,"stat.craftItem.minecraft.diamond_axe":1,"stat.mineBlock.minecraft.gold_ore":34,"stat.pickup.chisel.stonebrick2":1,"stat.diveOneCm":58728,"stat.pickup.minecraft.wheat":82,"stat.pickup.minecraft.sign":2,"stat.useItem.minecraft.chicken":5,"stat.pickup.minecraft.stone_axe":2,"stat.mineBlock.extrautils2.resonator":1,"stat.pickup.minecraft.obsidian":16,"stat.useItem.minecraft.heavy_weighted_pressure_plate":1,"stat.useItem.minecraft.rotten_flesh":2,"stat.jump":11898,"stat.useItem.minecraft.sand":29,"stat.pickup.minecraft.coal":431,"stat.pickup.minecraft.iron_ingot":1,"stat.pickup.minecraft.gunpowder":14,"stat.craftItem.minecraft.torch":164,"stat.pickup.minecraft.dirt":896,"stat.pickup.artifacts.cobalt_shield":2,"stat.useItem.minecraft.glass":83,"stat.pickup.minecraft.stone_shovel":1,"stat.pickup.leatherworks.rawhide_cow":4,"stat.pickup.minecraft.gold_ore":31,"stat.mineBlock.minecraft.lapis_ore":6,"tombstone:sneak_grave":2,"stat.damageTaken":27310,"stat.mineBlock.minecraft.torch":84,"stat.mineBlock.minecraft.red_flower":5,"stat.pickup.minecraft.written_book":1,"stat.pickup.ebwizardry.crystal_flower":2,"stat.entityKilledBy.ZombieVillager":1,"stat.pickup.minecraft.bed":5,"stat.pickup.minecraft.quartz_block":4,"stat.pickup.minecraft.potato":37,"stat.entityKilledBy.Zombie":22,"stat.pickup.minecraft.diamond_axe":1,"stat.drop.rustic.ginseng":1,"stat.pickup.harvestcraft.lettuceitem":17,"stat.pickup.chococraft.gysahl_green":11,"stat.killEntity.Silverfish":7,"stat.useItem.harvestcraft.onionitem":5,"stat.craftItem.minecraft.stone_slab":6,"stat.animalsBred":7,"stat.useItem.minecraft.chest":23,"stat.drop.minecraft.wheat":1,"stat.craftItem.harvestcraft.butteritem":24,"stat.craftItem.harvestcraft.flouritem":15,"stat.mineBlock.futuremc.smoker":2,"stat.useItem.tombstone.gift":2,"stat.craftItem.minecraft.iron_chestplate":1,"stat.pickup.minecraft.ender_pearl":4,"stat.mineBlock.minecraft.stonebrick":68,"stat.useItem.harvestcraft.parsnipitem":9,"stat.pickup.harvestcraft.cucumberitem":18,"stat.pickup.leatherworks.broken_leather_helmet":1,"stat.pickup.harvestcraft.strawberryitem":9,"stat.mobKills":311,"stat.mineBlock.minecraft.bookshelf":2,"stat.pickup.minecraft.diamond":49,"stat.pickup.minecraft.torch":93,"stat.craftItem.harvestcraft.heavycreamitem":24,"stat.drop.minecraft.stone_axe":2,"stat.pickup.rustic.ironberries":1,"stat.craftItem.mca.wedding_ring_rg":1,"stat.craftItem.harvestcraft.saltitem":45,"stat.useItem.minecraft.string":7,"stat.mineBlock.ebwizardry.crystal_flower":2,"stat.killEntity.Blaze":7,"stat.drop.chisel.marble":1,"stat.useItem.minecraft.mutton":5,"stat.useItem.minecraft.planks":105,"stat.useItem.tombstone.familiar_stone":5,"stat.pickup.minecraft.golden_boots":1,"stat.pickup.minecraft.glass":1,"stat.pickup.malisisdoors.iron_sliding_door":2,"stat.useItem.minecraft.water_bucket":50,"stat.mineBlock.minecraft.stone_brick_stairs":28,"stat.mineBlock.minecraft.nether_brick_fence":1,"stat.pickup.minecraft.sand":138,"stat.entityKilledBy.Spider":3,"stat.pickup.betternether.egg_plant":19,"stat.pickup.harvestcraft.wintersquashitem":14,"stat.craftItem.minecraft.stone_sword":2,"stat.pickup.dynamictrees.spruceseed":2,"stat.mineBlock.minecraft.sand":138,"stat.craftItem.extrautils2.resonator":1,"stat.mineBlock.futuremc.stripped_oak_log":1,"stat.mineBlock.futuremc.cornflower":2,"stat.pickup.minecraft.wooden_button":2,"stat.useItem.rustic.ginseng":1,"stat.mineBlock.minecraft.birch_stairs":24,"stat.useItem.dynamictrees.birchseed":2,"stat.useItem.extrautils2.pipe":49,"stat.pickup.minecraft.furnace":11,"stat.useItem.minecraft.cooked_mutton":8,"stat.mineBlock.harvestcraft.windygarden":85,"stat.pickup.leatherworks.broken_leather_leggings":1,"stat.pickup.tombstone.magic_scroll":5,"stat.useItem.harvestcraft.blackberryitem":4,"stat.mineBlock.extrautils2.passivegenerator":1,"stat.pickup.futuremc.lily_of_the_valley":4,"stat.mineBlock.minecraft.soul_sand":3,"stat.craftItem.minecraft.heavy_weighted_pressure_plate":3,"stat.playOneMinute":1037707,"stat.pickup.minecraft.blaze_rod":2,"stat.pickup.minecraft.iron_bars":9,"stat.pickup.minecraft.netherrack":4,"stat.craftItem.futuremc.smoker":2,"stat.useItem.minecraft.fish":2,"stat.mineBlock.minecraft.netherrack":7,"stat.craftItem.harvestcraft.mixingbowlitem":1,"stat.pickup.chisel.marblepillar":2,"stat.mineBlock.rustic.slate":99,"stat.fallOneCm":226339,"stat.useItem.harvestcraft.chilipepperitem":10,"stat.craftItem.minecraft.chest":27,"stat.useItem.harvestcraft.bellpepperitem":12,"stat.pickup.minecraft.golden_leggings":1,"stat.craftItem.harvestcraft.freshwateritem":80,"stat.pickup.minecraft.heavy_weighted_pressure_plate":1,"stat.entityKilledBy.ebwizardry:evil_wizard":5,"stat.pickup.minecraft.feather":9,"stat.craftItem.minecraft.wooden_button":1,"stat.mineBlock.minecraft.red_nether_brick":6,"stat.useItem.minecraft.furnace":11,"stat.useItem.futuremc.smoker":2,"stat.craftItem.mca.rose_gold_ingot":30,"stat.craftItem.extrautils2.ingredients":1,"stat.pickup.minecraft.iron_leggings":3,"stat.mineBlock.minecraft.gravel":44,"stat.useItem.minecraft.stone_pickaxe":900,"stat.craftItem.minecraft.birch_stairs":24,"stat.useItem.minecraft.stone_sword":288,"stat.craftItem.minecraft.iron_leggings":1,"stat.useItem.harvestcraft.cherryitem":14,"stat.pickup.minecraft.chainmail_boots":1,"stat.drop.minecraft.iron_axe":1,"stat.useItem.minecraft.iron_bars":1,"stat.mineBlock.minecraft.monster_egg":2,"stat.mineBlock.minecraft.quartz_stairs":6,"stat.useItem.minecraft.torch":226,"stat.useItem.extrautils2.grocket":3,"stat.craftItem.minecraft.redstone_block":1,"stat.pickup.minecraft.crafting_table":5,"stat.useItem.minecraft.log":13,"stat.craftItem.minecraft.crafting_table":13,"stat.mineBlock.ebwizardry.crystal_ore":11,"stat.pickup.extrautils2.grocket":2,"stat.mineBlock.minecraft.emerald_ore":2,"stat.pickup.minecraft.redstone_block":2,"stat.pickup.minecraft.log":254,"stat.craftItem.harvestcraft.bakewareitem":1,"stat.pickup.mca.rose_gold_ingot":1,"stat.pickup.minecraft.chainmail_leggings":2,"stat.entityKilledBy.Enderman":2,"stat.pickup.harvestcraft.parsnipitem":11,"stat.craftItem.harvestcraft.freshmilkitem":24,"stat.pickup.minecraft.diamond_helmet":1,"stat.killEntity.WitherSkeleton":6,"stat.useItem.minecraft.wooden_pressure_plate":1,"stat.craftItem.minecraft.cooked_chicken":1,"stat.craftItem.minecraft.sugar":3,"stat.sneakTime":91116,"stat.pickup.rustic.chili_pepper_seeds":11,"stat.entityKilledBy.Blaze":4,"stat.pickup.minecraft.yellow_flower":16,"stat.pickup.minecraft.chest":4,"stat.pickup.minecraft.bone":80,"stat.useItem.minecraft.mushroom_stew":1,"stat.useItem.minecraft.diamond_sword":576,"stat.craftItem.extrautils2.glasscutter":1,"stat.drop.rustic.olives":1,"stat.swimOneCm":92423,"stat.pickup.rustic.ginseng":5,"stat.pickup.harvestcraft.artichokeitem":18,"stat.climbOneCm":4818,"stat.useItem.harvestcraft.strawberryitem":1,"stat.pickup.chisel.marble":201,"stat.useItem.minecraft.dirt":377,"stat.mineBlock.betternether.nether_grass":5,"stat.useItem.harvestcraft.barleyitem":9,"stat.pickup.zawa.bird_meat":1,"stat.useItem.rustic.slate":3,"stat.useItem.mca.rose_gold_ore":2,"stat.killEntity.artifacts.mimic":1,"stat.pickup.minecraft.anvil":5,"stat.craftItem.minecraft.stone_pickaxe":5,"stat.mineBlock.minecraft.magma":4,"stat.pickup.minecraft.cobblestone":3464,"stat.pickup.minecraft.quartz_stairs":6,"stat.mineBlock.minecraft.redstone_block":2,"stat.useItem.minecraft.stone_shovel":268,"stat.mineBlock.chisel.limestone2":55,"stat.pickup.minecraft.soul_sand":3,"stat.drop.minecraft.wheat_seeds":1,"stat.useItem.rustic.olives":3,"stat.useItem.minecraft.cooked_beef":3,"stat.pickup.minecraft.redstone":913,"stat.mineBlock.minecraft.iron_ore":314,"stat.useItem.harvestcraft.peanutitem":9,"stat.useItem.minecraft.sign":2,"stat.pickup.minecraft.mutton":5,"stat.pickup.minecraft.mossy_cobblestone":1,"stat.craftItem.extrautils2.screen":1,"stat.useItem.harvestcraft.cornitem":8,"stat.mineBlock.minecraft.coal_block":1,"stat.pickup.minecraft.stonebrick":45,"stat.pickup.ebwizardry.magic_crystal":160,"stat.useItem.minecraft.cooked_porkchop":3,"stat.mineBlock.minecraft.nether_brick":25,"stat.craftItem.minecraft.stone_slab2":0,"stat.mineBlock.futuremc.blast_furnace":1,"stat.useItem.harvestcraft.cucumberitem":14,"stat.craftItem.minecraft.stick":36,"stat.useItem.extrautils2.passivegenerator":31,"stat.craftItem.minecraft.stone":114,"stat.pickup.harvestcraft.barleyitem":12,"stat.mineBlock.minecraft.crafting_table":4,"stat.pickup.extrautils2.resonator":1,"stat.useItem.minecraft.diamond_pickaxe":3734,"stat.mineBlock.minecraft.quartz_block":10,"stat.useItem.minecraft.carrot":32,"stat.useItem.minecraft.wheat":32,"stat.useItem.minecraft.wooden_shovel":60,"stat.pickup.chococraft.gysahl_green_seeds":24,"stat.entityKilledBy.Creeper":2,"stat.mineBlock.minecraft.planks":5,"stat.drop":16,"stat.craftItem.harvestcraft.potitem":1,"stat.useItem.harvestcraft.toastitem":8,"stat.killEntity.Sheep":3,"stat.pickup.minecraft.slime_ball":2,"stat.craftItem.minecraft.diamond_pickaxe":3,"stat.pickup.minecraft.golden_chestplate":1,"stat.useItem.minecraft.quartz_stairs":11,"stat.pickup.minecraft.gravel":45,"stat.mineBlock.minecraft.anvil":5,"stat.useItem.minecraft.diamond_axe":53,"stat.useItem.minecraft.apple":16,"stat.useItem.minecraft.potion":16,"stat.pickup.minecraft.stone_brick_stairs":16,"stat.pickup.harvestcraft.blackberryitem":4,"stat.pickup.minecraft.fence":5,"stat.pickup.minecraft.iron_helmet":2,"stat.useItem.minecraft.stone_axe":81,"stat.craftItem.minecraft.bread":8,"stat.entityKilledBy.CaveSpider":2,"stat.pickup.harvestcraft.peanutitem":18,"stat.pickup.minecraft.spider_eye":10,"stat.mineBlock.betternether.block_eyeball":1,"stat.craftItem.minecraft.iron_helmet":2,"stat.pickup.harvestcraft.bellpepperitem":17,"stat.useItem.minecraft.cooked_chicken":3,"stat.pickup.minecraft.iron_ore":308,"stat.mineBlock.mca.rose_gold_ore":34,"stat.mineBlock.minecraft.iron_bars":9,"stat.craftItem.minecraft.flint_and_steel":1,"stat.pickup.rustic.tomato_seeds":5,"stat.useItem.harvestcraft.flaxitem":14,"stat.mineBlock.minecraft.furnace":11,"stat.craftItem.cookingforblockheads.recipe_book":1,"stat.useItem.minecraft.wooden_pickaxe":59,"stat.pickup.ebwizardry.charm_silk_touch":1,"stat.useItem.harvestcraft.mustardseedsitem":15,"stat.pickup.minecraft.reeds":34,"stat.killEntity.CaveSpider":12,"tombstone:undead_killed":159,"stat.useItem.tombstone.grave_key":53,"stat.craftItem.harvestcraft.doughitem":8,"stat.damageDealt":53618,"stat.craftItem.minecraft.glass":100,"stat.sleepInBed":53,"stat.craftItem.minecraft.anvil":2,"stat.craftItem.minecraft.baked_potato":32,"stat.mineBlock.minecraft.nether_brick_stairs":2,"stat.killEntity.Cow":4,"stat.useItem.minecraft.crafting_table":1,"stat.pickup.harvestcraft.elderberryitem":20,"stat.craftItem.minecraft.stone_shovel":2,"stat.walkOneCm":2435883,"stat.pickup.dynamictrees.birchseed":11,"stat.pickup.minecraft.stick":111,"stat.pickup.minecraft.clay_ball":84,"stat.mineBlock.chisel.basalt2":1,"stat.craftItem.harvestcraft.mortarandpestleitem":1,"stat.pickup.minecraft.stone":568,"stat.killEntity.Skeleton":44,"stat.pickup.harvestcraft.amaranthitem":16,"stat.pickup.ebwizardry.crystal_shard":4,"stat.killEntity.Chicken":11,"stat.killEntity.Spider":41,"stat.mineBlock.minecraft.quartz_ore":46,"stat.pickup.minecraft.quartz":43,"stat.craftItem.minecraft.fence":24,"stat.entityKilledBy.Husk":2,"stat.useItem.minecraft.golden_apple":2,"stat.mineBlock.minecraft.leaves":2,"stat.mineBlock.betternether.egg_plant":20,"stat.mineBlock.minecraft.redstone_ore":177,"stat.craftItem.minecraft.coal_block":1,"stat.craftItem.minecraft.brick":84,"stat.mineBlock.minecraft.stone":4073}