{"stat.pickup.minecraft.rotten_flesh":2,"stat.walkOneCm":12192,"stat.pickup.dynamictrees.birchseed":2,"stat.pickup.minecraft.stick":7,"stat.craftItem.minecraft.planks":12,"stat.leaveGame":4,"stat.damageTaken":540,"stat.craftItem.minecraft.crafting_table":1,"stat.mobKills":1,"stat.pickup.minecraft.log":3,"stat.flyOneCm":6945,"stat.deaths":2,"tombstone:undead_killed":1,"stat.jump":54,"stat.playOneMinute":4201,"stat.fallOneCm":1151,"stat.entityKilledBy.Zombie":2,"stat.useItem.tombstone.gift":1,"stat.sneakTime":42,"stat.damageDealt":372,"stat.crouchOneCm":141,"stat.killEntity.Zombie":1,"stat.pickup.zawa.care_guide":1,"stat.timeSinceDeath":1537,"stat.pickup.minecraft.dirt":2,"stat.sprintOneCm":7519,"stat.mineBlock.minecraft.dirt":2,"stat.useItem.minecraft.stone_slab2":4}