{"stat.pickup.minecraft.rotten_flesh":6,"stat.walkOneCm":54371,"stat.pickup.rustic.tomato_seeds":1,"stat.pickup.minecraft.stick":6,"stat.craftItem.minecraft.planks":48,"stat.pickup.mowziesmobs.foliaath_seed":1,"stat.useItem.futuremc.netherite_sword":31,"stat.leaveGame":5,"stat.pickup.minecraft.crafting_table":1,"stat.damageTaken":3386,"stat.mineBlock.minecraft.crafting_table":1,"stat.craftItem.minecraft.crafting_table":1,"stat.killEntity.betteranimalsplus.zotzpyre":1,"stat.mobKills":11,"stat.pickup.tombstone.familiar_stone":1,"stat.mineBlock.minecraft.log":5,"stat.pickup.minecraft.log":41,"stat.flyOneCm":42747,"stat.deaths":9,"stat.useItem.tombstone.grave_key":1,"tombstone:undead_killed":5,"stat.jump":323,"stat.swimOneCm":6476,"stat.playOneMinute":22711,"stat.fallOneCm":18368,"stat.entityKilledBy.Zombie":7,"stat.pickup.minecraft.enchanted_book":3,"stat.useItem.tombstone.gift":1,"stat.sneakTime":25,"stat.damageDealt":1944,"stat.crouchOneCm":29,"stat.killEntity.Zombie":5,"stat.pickup.zawa.care_guide":1,"stat.timeSinceDeath":3282,"stat.pickup.rustic.grape_stem":5,"stat.useItem.minecraft.wooden_axe":30,"stat.pickup.minecraft.sapling":1,"stat.killEntity.Silverfish":4,"stat.sprintOneCm":32227,"stat.useItem.minecraft.stone_slab2":2,"stat.mineBlock.minecraft.tallgrass":10,"stat.diveOneCm":5646,"stat.pickup.tombstone.magic_scroll":1,"stat.craftItem.minecraft.wooden_axe":1,"stat.pickup.dynamictrees.jungleseed":1,"stat.craftingTableInteraction":1}