{
  "betteranimalsplus:root": {
    "criteria": {
      "tick": "2024-11-20 02:03:16 +0000"
    },
    "done": true
  },
  "tombstone:tutorial/root": {
    "criteria": {
      "auto": "2024-11-20 02:03:16 +0000"
    },
    "done": true
  },
  "mowziesmobs:root": {
    "criteria": {
      "custom_test_name": "2024-11-20 02:03:16 +0000"
    },
    "done": true
  },
  "minecraft:adventure/adventuring_time": {
    "criteria": {
      "plains": "2024-11-20 02:03:16 +0000"
    },
    "done": false
  }
}