{
  "betteranimalsplus:root": {
    "criteria": {
      "tick": "2024-10-10 15:42:57 +0000"
    },
    "done": true
  },
  "tombstone:tutorial/root": {
    "criteria": {
      "auto": "2024-10-10 15:42:57 +0000"
    },
    "done": true
  },
  "mowziesmobs:root": {
    "criteria": {
      "custom_test_name": "2024-10-10 15:42:57 +0000"
    },
    "done": true
  },
  "minecraft:adventure/adventuring_time": {
    "criteria": {
      "extreme_hills": "2024-10-10 15:42:57 +0000"
    },
    "done": false
  }
}